Number of Stations, Mean Packet Duration, Packet Arrival Rate, Attempts, G, Number of collision, Throughput, theo_throughput, Mean Delay, sim time, 
5, 1, 3.000000, 100260, 0.441423, 260, 0.440283, 0.182574, 78673.241298, 239113.289277, 
5, 1, 5.000000, 100131, 0.629715, 131, 0.628895, 0.178723, 64012.814004, 165993.068138, 
5, 1, 10.000000, 100137, 0.501549, 137, 0.500870, 0.183939, 86848.468201, 247131.085829, 
5, 1, 20.000000, 100131, 0.570219, 131, 0.569471, 0.182287, 80120.490408, 218085.888319, 
5, 1, 30.000000, 100131, 0.500924, 131, 0.500271, 0.183939, 83156.539177, 216676.536484, 
