Number of Stations, Mean Packet Duration, Packet Arrival Rate, Packet processed other stations, Packet processed station 1, Mean Delay other stations, Mean Delay Station 1, 
10, 0.000000, 0.100000, 665044, 34956, 2.631425, 2.074077, 
10, 0.000000, 0.200000, 664043, 35956, 12810.332024, 3.332874, 
10, 0.000000, 0.300000, 660739, 39260, 25189.210682, 3.157928, 
5, 0.000000, 0.100000, 629938, 70061, 1.860146, 1.830191, 
5, 0.000000, 0.200000, 629710, 70289, 228.753381, 2.949493, 
5, 0.000000, 0.300000, 627393, 72606, 7910.085231, 2.841730, 
